old_url,old_path,type,lang,new_url,new_path,mapping_type,status_code,target_in_new_sitemap,redirect_rule,notes,title
https://www.microvista.de/,/,page,de,https://microvista.de,/,direct_200,200,yes,,Path exists directly in new sitemap.,Industrielle Computertomographie Dienstleister für Exzellenz
https://www.microvista.de/agb/,/agb,page,de,https://microvista.de/agb,/agb,direct_200,200,yes,,Path exists directly in new sitemap.,AGB
https://www.microvista.de/beitraege/,/beitraege,post,de,https://microvista.de/magazin,/magazin,redirect_301_in_sitemap,301,yes,L8: /beitraege/ -> /magazin,Redirect target exists in new sitemap.,Blog | Zerstörungsfreie Prüfung mit industrieller CT
https://www.microvista.de/beitraege/3d-ct-auswertung/,/beitraege/3d-ct-auswertung,post,de,https://microvista.de/magazin/3d-ct-auswertung,/magazin/3d-ct-auswertung,redirect_301_in_sitemap,301,yes,L7: /beitraege/* -> /magazin/:splat,Redirect target exists in new sitemap.,3D CT Auswertung mit KI: Revolution in der Qualitätskontrolle von Hochleistungsmotoren
https://www.microvista.de/beitraege/3d-ct-metall-pruefung-waermemanagement/,/beitraege/3d-ct-metall-pruefung-waermemanagement,post,de,https://microvista.de/magazin/3d-ct-metall-pruefung-waermemanagement,/magazin/3d-ct-metall-pruefung-waermemanagement,redirect_301_in_sitemap,301,yes,L7: /beitraege/* -> /magazin/:splat,Redirect target exists in new sitemap.,Hochleistungsmotoren: Moderne 3D CT Prüfung für Bauteile
https://www.microvista.de/beitraege/5-beliebte-zerstoerungsfreie-pruefverfahren-in-der-automobilindustrie/,/beitraege/5-beliebte-zerstoerungsfreie-pruefverfahren-in-der-automobilindustrie,post,de,https://microvista.de/magazin/5-beliebte-zerstoerungsfreie-pruefverfahren-in-der-automobilindustrie,/magazin/5-beliebte-zerstoerungsfreie-pruefverfahren-in-der-automobilindustrie,redirect_301_in_sitemap,301,yes,L7: /beitraege/* -> /magazin/:splat,Redirect target exists in new sitemap.,Moderne zerstörungsfreie Prüfverfahren im Vergleich
https://www.microvista.de/beitraege/ablauf-industrielle-ct-pruefung/,/beitraege/ablauf-industrielle-ct-pruefung,post,de,https://microvista.de/magazin/ablauf-industrielle-ct-pruefung,/magazin/ablauf-industrielle-ct-pruefung,redirect_301_in_sitemap,301,yes,L7: /beitraege/* -> /magazin/:splat,Redirect target exists in new sitemap.,Industrielle CT-Prüfung im Labor: Ablauf in 7 Schritten
https://www.microvista.de/beitraege/archaeologie-mobiles-ct/,/beitraege/archaeologie-mobiles-ct,post,de,https://microvista.de/magazin/archaeologie-mobiles-ct,/magazin/archaeologie-mobiles-ct,redirect_301_in_sitemap,301,yes,L7: /beitraege/* -> /magazin/:splat,Redirect target exists in new sitemap.,Risikoarmes Scannen von Fundstücken durch mobiles CT
https://www.microvista.de/beitraege/ausschuss-automobilindustrie-mit-zerstoerungsfreier-pruefung-minimieren/,/beitraege/ausschuss-automobilindustrie-mit-zerstoerungsfreier-pruefung-minimieren,post,de,https://microvista.de/magazin/ausschuss-automobilindustrie-mit-zerstoerungsfreier-pruefung-minimieren,/magazin/ausschuss-automobilindustrie-mit-zerstoerungsfreier-pruefung-minimieren,redirect_301_in_sitemap,301,yes,L7: /beitraege/* -> /magazin/:splat,Redirect target exists in new sitemap.,Ausschuss in der Automobilindustrie mit ZfP minimieren
https://www.microvista.de/beitraege/ct-container-long-vs-compact/,/beitraege/ct-container-long-vs-compact,post,de,https://microvista.de/magazin/ct-container-long-vs-compact,/magazin/ct-container-long-vs-compact,redirect_301_in_sitemap,301,yes,L7: /beitraege/* -> /magazin/:splat,Redirect target exists in new sitemap.,CT-Container: Long vs. Compact – ScanExpress im Vergleich
https://www.microvista.de/beitraege/ct-inspektion-serienstart-whitepaper/,/beitraege/ct-inspektion-serienstart-whitepaper,post,de,https://microvista.de/magazin/ct-inspektion-serienstart-whitepaper,/magazin/ct-inspektion-serienstart-whitepaper,redirect_301_in_sitemap,301,yes,L7: /beitraege/* -> /magazin/:splat,Redirect target exists in new sitemap.,Temporäre CT Inspektion für Serienanläufe
https://www.microvista.de/beitraege/effiziente-fehleranalyse-express-service/,/beitraege/effiziente-fehleranalyse-express-service,post,de,https://microvista.de/magazin/effiziente-fehleranalyse-express-service,/magazin/effiziente-fehleranalyse-express-service,redirect_301_in_sitemap,301,yes,L7: /beitraege/* -> /magazin/:splat,Redirect target exists in new sitemap.,Express-Service zur Fehleranalyse gesperrter Lose | Schnell & präzise
https://www.microvista.de/beitraege/einblicke-in-trends-marktentwicklung-und-innovationen/,/beitraege/einblicke-in-trends-marktentwicklung-und-innovationen,post,de,https://microvista.de/magazin/einblicke-in-trends-marktentwicklung-und-innovationen,/magazin/einblicke-in-trends-marktentwicklung-und-innovationen,redirect_301_in_sitemap,301,yes,L7: /beitraege/* -> /magazin/:splat,Redirect target exists in new sitemap.,"Einblicke in Trends, Marktentwicklung und Innovationen"
https://www.microvista.de/beitraege/endspurt-nun-auch-beim-mobilen-ct-container/,/beitraege/endspurt-nun-auch-beim-mobilen-ct-container,post,de,https://microvista.de/magazin/endspurt-nun-auch-beim-mobilen-ct-container,/magazin/endspurt-nun-auch-beim-mobilen-ct-container,redirect_301_in_sitemap,301,yes,L7: /beitraege/* -> /magazin/:splat,Redirect target exists in new sitemap.,Endspurt nun auch beim mobilen CT Container
https://www.microvista.de/beitraege/erste-testscans-mit-dem-mobilen-ct/,/beitraege/erste-testscans-mit-dem-mobilen-ct,post,de,https://microvista.de/magazin/erste-testscans-mit-dem-mobilen-ct,/magazin/erste-testscans-mit-dem-mobilen-ct,redirect_301_in_sitemap,301,yes,L7: /beitraege/* -> /magazin/:splat,Redirect target exists in new sitemap.,Erste Testscans mit dem mobilen CT
https://www.microvista.de/beitraege/erster-kundeneinsatz-des-scanexpress/,/beitraege/erster-kundeneinsatz-des-scanexpress,post,de,https://microvista.de/magazin/erster-kundeneinsatz-des-scanexpress,/magazin/erster-kundeneinsatz-des-scanexpress,redirect_301_in_sitemap,301,yes,L7: /beitraege/* -> /magazin/:splat,Redirect target exists in new sitemap.,1. Kundeneinsatz vom ScanExpress dem mobilen industriellen CT
https://www.microvista.de/beitraege/industrielle-ct-die-beste-methode-fuer-zerstoerungsfreie-pruefung-von-gussteilen/,/beitraege/industrielle-ct-die-beste-methode-fuer-zerstoerungsfreie-pruefung-von-gussteilen,post,de,https://microvista.de/magazin/industrielle-ct-die-beste-methode-fuer-zerstoerungsfreie-pruefung-von-gussteilen,/magazin/industrielle-ct-die-beste-methode-fuer-zerstoerungsfreie-pruefung-von-gussteilen,redirect_301_in_sitemap,301,yes,L7: /beitraege/* -> /magazin/:splat,Redirect target exists in new sitemap.,Die beste Methode für die zerstörungsfreie Prüfung von Gussteilen
https://www.microvista.de/beitraege/industrielle-ct-zur-prufung-additiv-gefertigter-bauteile/,/beitraege/industrielle-ct-zur-prufung-additiv-gefertigter-bauteile,post,de,https://microvista.de/magazin/industrielle-ct-zur-prufung-additiv-gefertigter-bauteile,/magazin/industrielle-ct-zur-prufung-additiv-gefertigter-bauteile,redirect_301_in_sitemap,301,yes,L7: /beitraege/* -> /magazin/:splat,Redirect target exists in new sitemap.,Prüfung von additiver Fertigung mit CT
https://www.microvista.de/beitraege/industrielle-ct-zylinderkopfpruefung/,/beitraege/industrielle-ct-zylinderkopfpruefung,post,de,https://microvista.de/magazin/industrielle-ct-zylinderkopfpruefung,/magazin/industrielle-ct-zylinderkopfpruefung,redirect_301_in_sitemap,301,yes,L7: /beitraege/* -> /magazin/:splat,Redirect target exists in new sitemap.,Industrielle CT-Zylinderkopfprüfung: Präzise Fehlererkennung für maximale Produktqualität
https://www.microvista.de/beitraege/industrielle-rontgenprufung-vs-industrielle-computertomographie/,/beitraege/industrielle-rontgenprufung-vs-industrielle-computertomographie,post,de,https://microvista.de/magazin/industrielle-rontgenprufung-vs-industrielle-computertomographie,/magazin/industrielle-rontgenprufung-vs-industrielle-computertomographie,redirect_301_in_sitemap,301,yes,L7: /beitraege/* -> /magazin/:splat,Redirect target exists in new sitemap.,Industrielle Röntgenprüfung vs. Industrielle Computertomographie
https://www.microvista.de/beitraege/innovative-methode-zur-auswertung-von-hairpin-stator-scans/,/beitraege/innovative-methode-zur-auswertung-von-hairpin-stator-scans,post,de,https://microvista.de/magazin/innovative-methode-zur-auswertung-von-hairpin-stator-scans,/magazin/innovative-methode-zur-auswertung-von-hairpin-stator-scans,redirect_301_in_sitemap,301,yes,L7: /beitraege/* -> /magazin/:splat,Redirect target exists in new sitemap.,Innovative Methode zur Auswertung von Hairpin Stator Scans
https://www.microvista.de/beitraege/inspecthub/,/beitraege/inspecthub,post,de,https://microvista.de/magazin/inspecthub,/magazin/inspecthub,redirect_301_in_sitemap,301,yes,L7: /beitraege/* -> /magazin/:splat,Redirect target exists in new sitemap.,Effiziente & sichere Cloud-Lösung für Ihre Serienprüfung
https://www.microvista.de/beitraege/microvista-erneut-zertifiziert/,/beitraege/microvista-erneut-zertifiziert,post,de,https://microvista.de/magazin/microvista-erneut-zertifiziert,/magazin/microvista-erneut-zertifiziert,redirect_301_in_sitemap,301,yes,L7: /beitraege/* -> /magazin/:splat,Redirect target exists in new sitemap.,Microvista erneut zertifiziert
https://www.microvista.de/beitraege/mobiler-industrieller-computertomograph/,/beitraege/mobiler-industrieller-computertomograph,post,de,https://microvista.de/magazin/mobiler-industrieller-computertomograph,/magazin/mobiler-industrieller-computertomograph,redirect_301_in_sitemap,301,yes,L7: /beitraege/* -> /magazin/:splat,Redirect target exists in new sitemap.,ScanExpress 2.0: mobiler industrieller Computertomograph
https://www.microvista.de/beitraege/mobiles-ct-auf-der-zielgeraden/,/beitraege/mobiles-ct-auf-der-zielgeraden,post,de,https://microvista.de/magazin/mobiles-ct-auf-der-zielgeraden,/magazin/mobiles-ct-auf-der-zielgeraden,redirect_301_in_sitemap,301,yes,L7: /beitraege/* -> /magazin/:splat,Redirect target exists in new sitemap.,"Neue Webseite mit Blog, Newsletter uvm."
https://www.microvista.de/beitraege/mobiles-ct-bei-der-vdi-tagung-giesstechnik-im-motorenbau/,/beitraege/mobiles-ct-bei-der-vdi-tagung-giesstechnik-im-motorenbau,post,de,https://microvista.de/magazin/mobiles-ct-bei-der-vdi-tagung-giesstechnik-im-motorenbau,/magazin/mobiles-ct-bei-der-vdi-tagung-giesstechnik-im-motorenbau,redirect_301_in_sitemap,301,yes,L7: /beitraege/* -> /magazin/:splat,Redirect target exists in new sitemap.,Mobiles CT bei der VDI-Tagung Gießtechnik im Motorenbau
https://www.microvista.de/beitraege/mobiles-ct-und-container-vereint-der-scanexpress-ist-fast-fertig/,/beitraege/mobiles-ct-und-container-vereint-der-scanexpress-ist-fast-fertig,post,de,https://microvista.de/magazin/mobiles-ct-und-container-vereint-der-scanexpress-ist-fast-fertig,/magazin/mobiles-ct-und-container-vereint-der-scanexpress-ist-fast-fertig,redirect_301_in_sitemap,301,yes,L7: /beitraege/* -> /magazin/:splat,Redirect target exists in new sitemap.,Mobiles CT & Container vereint – der SCANEXPRESS (fast) fertig
https://www.microvista.de/beitraege/mobiles-industrielles-ct-auf-der-zielgeraden/,/beitraege/mobiles-industrielles-ct-auf-der-zielgeraden,post,de,https://microvista.de/magazin/mobiles-industrielles-ct-auf-der-zielgeraden,/magazin/mobiles-industrielles-ct-auf-der-zielgeraden,redirect_301_in_sitemap,301,yes,L7: /beitraege/* -> /magazin/:splat,Redirect target exists in new sitemap.,Mobiles industrielles CT auf der Zielgeraden
https://www.microvista.de/beitraege/palaeontologie-trifft-industrielle-ct/,/beitraege/palaeontologie-trifft-industrielle-ct,post,de,https://microvista.de/magazin/palaeontologie-trifft-industrielle-ct,/magazin/palaeontologie-trifft-industrielle-ct,redirect_301_in_sitemap,301,yes,L7: /beitraege/* -> /magazin/:splat,Redirect target exists in new sitemap.,Paläontologie trifft industrielle CT: 3D-Blick in Fossilien
https://www.microvista.de/beitraege/ppf-verfahren-optimierung-potenzialfreisetzung-durch-industrielle-ct-pruefung/,/beitraege/ppf-verfahren-optimierung-potenzialfreisetzung-durch-industrielle-ct-pruefung,post,de,https://microvista.de/magazin/ppf-verfahren-optimierung-potenzialfreisetzung-durch-industrielle-ct-pruefung,/magazin/ppf-verfahren-optimierung-potenzialfreisetzung-durch-industrielle-ct-pruefung,redirect_301_in_sitemap,301,yes,L7: /beitraege/* -> /magazin/:splat,Redirect target exists in new sitemap.,PPF-Verfahren Optimierung: Potentialfreisetzung mit industrielle CT
https://www.microvista.de/beitraege/qualitaetssicherung-pharmaindustrie/,/beitraege/qualitaetssicherung-pharmaindustrie,post,de,https://microvista.de/magazin/qualitaetssicherung-pharmaindustrie,/magazin/qualitaetssicherung-pharmaindustrie,redirect_301_in_sitemap,301,yes,L7: /beitraege/* -> /magazin/:splat,Redirect target exists in new sitemap.,Zerstörungsfreie Qualitätssicherung in der Pharmaindustrie
https://www.microvista.de/beitraege/scanexpress-eingetroffen/,/beitraege/scanexpress-eingetroffen,post,de,https://microvista.de/magazin/scanexpress-eingetroffen,/magazin/scanexpress-eingetroffen,redirect_301_in_sitemap,301,yes,L7: /beitraege/* -> /magazin/:splat,Redirect target exists in new sitemap.,SCANEXPRESS eingetroffen!
https://www.microvista.de/beitraege/scanexpress-wie-funktioniert-das-mobile-ct/,/beitraege/scanexpress-wie-funktioniert-das-mobile-ct,post,de,https://microvista.de/magazin/scanexpress-wie-funktioniert-das-mobile-ct,/magazin/scanexpress-wie-funktioniert-das-mobile-ct,redirect_301_in_sitemap,301,yes,L7: /beitraege/* -> /magazin/:splat,Redirect target exists in new sitemap.,SCANEXPRESS - Wie funktioniert das mobile CT?
https://www.microvista.de/beitraege/update-schnellere-ct-scans-hoehere-aufloesung-laminografie/,/beitraege/update-schnellere-ct-scans-hoehere-aufloesung-laminografie,post,de,https://microvista.de/magazin/update-schnellere-ct-scans-hoehere-aufloesung-laminografie,/magazin/update-schnellere-ct-scans-hoehere-aufloesung-laminografie,redirect_301_in_sitemap,301,yes,L7: /beitraege/* -> /magazin/:splat,Redirect target exists in new sitemap.,"Update: Schnellere CT-Scans, höhere Auflösung & Laminografie"
https://www.microvista.de/beitraege/wanddickenmessung-im-uberblick/,/beitraege/wanddickenmessung-im-uberblick,post,de,https://microvista.de/magazin/wanddickenmessung-im-uberblick,/magazin/wanddickenmessung-im-uberblick,redirect_301_in_sitemap,301,yes,L7: /beitraege/* -> /magazin/:splat,Redirect target exists in new sitemap.,Moderne Möglichkeiten zur Wanddickenmessung im Überblick
https://www.microvista.de/beitraege/zerstorungfreie-prufung-von-leichtmetallguss/,/beitraege/zerstorungfreie-prufung-von-leichtmetallguss,post,de,https://microvista.de/magazin/zerstorungfreie-prufung-von-leichtmetallguss,/magazin/zerstorungfreie-prufung-von-leichtmetallguss,redirect_301_in_sitemap,301,yes,L7: /beitraege/* -> /magazin/:splat,Redirect target exists in new sitemap.,Leichtmetallguss zerstörungsfrei prüfen mit CT
https://www.microvista.de/beitraege/zerstorungsfreie-prufung-von-batteriesystemen/,/beitraege/zerstorungsfreie-prufung-von-batteriesystemen,post,de,https://microvista.de/magazin/zerstorungsfreie-prufung-von-batteriesystemen,/magazin/zerstorungsfreie-prufung-von-batteriesystemen,redirect_301_in_sitemap,301,yes,L7: /beitraege/* -> /magazin/:splat,Redirect target exists in new sitemap.,Zerstörungsfreie Prüfung von Batteriesystemen
https://www.microvista.de/beitraege/zerstorungsfreie-prufung-von-eisenguss/,/beitraege/zerstorungsfreie-prufung-von-eisenguss,post,de,https://microvista.de/magazin/zerstorungsfreie-prufung-von-eisenguss,/magazin/zerstorungsfreie-prufung-von-eisenguss,redirect_301_in_sitemap,301,yes,L7: /beitraege/* -> /magazin/:splat,Redirect target exists in new sitemap.,Zerstörungsfreie Prüfung von Eisenguss mit industrieller CT
https://www.microvista.de/beitraege/zfp-automobilindustrie/,/beitraege/zfp-automobilindustrie,post,de,https://microvista.de/magazin/zfp-automobilindustrie,/magazin/zfp-automobilindustrie,redirect_301_in_sitemap,301,yes,L7: /beitraege/* -> /magazin/:splat,Redirect target exists in new sitemap.,Zerstörungsfreie Prüfung für die Automobilindustrie
https://www.microvista.de/bonusprogramm/,/bonusprogramm,page,de,https://microvista.de/bonusprogramm,/bonusprogramm,direct_200,200,yes,,Path exists directly in new sitemap.,Bonusprogramm für zerstörungsfreie Prüfdienstleistungen
https://www.microvista.de/cookie-richtlinie-eu/,/cookie-richtlinie-eu,page,de,https://microvista.de/datenschutz,/datenschutz,redirect_301_in_sitemap,301,yes,L55: /cookie-richtlinie-eu/ -> /datenschutz,Redirect target exists in new sitemap.,Cookie-Richtlinie (EU)
https://www.microvista.de/datenschutzerklaerung/,/datenschutzerklaerung,page,de,https://microvista.de/datenschutz,/datenschutz,redirect_301_in_sitemap,301,yes,L54: /datenschutzerklaerung/ -> /datenschutz,Redirect target exists in new sitemap.,Datenschutzerklärung
https://www.microvista.de/en/cad-target-actual-comparison/,/en/cad-target-actual-comparison,page,en,,,no_mapping,,no,,No redirect rule matched old path.,High-speed CAD target/actual comparison with industrial CT
https://www.microvista.de/en/certificates/,/en/certificates,page,en,,,no_mapping,,no,,No redirect rule matched old path.,Certificates
https://www.microvista.de/en/contact/,/en/contact,page,en,,,no_mapping,,no,,No redirect rule matched old path.,Contact for NDT with industrial CT
https://www.microvista.de/en/cookie-policy/,/en/cookie-policy,page,en,,,no_mapping,,no,,No redirect rule matched old path.,Cookie Policy
https://www.microvista.de/en/data-privacy/,/en/data-privacy,page,en,,,no_mapping,,no,,No redirect rule matched old path.,Data privacy statement
https://www.microvista.de/en/drive-efficiency-eliminate-scrap-see-the-power-of-mobile-industrial-ct/,/en/drive-efficiency-eliminate-scrap-see-the-power-of-mobile-industrial-ct,page,en,,,no_mapping,,no,,No redirect rule matched old path.,"Drive Efficiency, Eliminate Scrap: Power of the Mobile Industrial CT"
https://www.microvista.de/en/employees/,/en/employees,page,en,,,no_mapping,,no,,No redirect rule matched old path.,Get to know the Microvista team!
https://www.microvista.de/en/environmental-alliance-saxony-anhalt/,/en/environmental-alliance-saxony-anhalt,page,en,,,no_mapping,,no,,No redirect rule matched old path.,lEnvironmental alliance Saxony-Anhalt
https://www.microvista.de/en/general-terms-and-conditions/,/en/general-terms-and-conditions,page,en,,,no_mapping,,no,,No redirect rule matched old path.,General Terms and Conditions
https://www.microvista.de/en/imprint/,/en/imprint,page,en,,,no_mapping,,no,,No redirect rule matched old path.,Imprint
https://www.microvista.de/en/industrial-computed-tomography/faq-2/,/en/industrial-computed-tomography/faq-2,page,en,,,no_mapping,,no,,No redirect rule matched old path.,FAQ| Industrial computed tomography
https://www.microvista.de/en/industrial-computed-tomography/inspection-tasks/,/en/industrial-computed-tomography/inspection-tasks,pruefaufgabe,en,,,no_mapping,,no,,No redirect rule matched old path.,Testing tasks for industrial computed tomography
https://www.microvista.de/en/industrial-computed-tomography/inspection-tasks/assembly-and-joining-inspection/,/en/industrial-computed-tomography/inspection-tasks/assembly-and-joining-inspection,pruefaufgabe,en,,,no_mapping,,no,,No redirect rule matched old path.,Fast assembly & joining control with industrial CT
https://www.microvista.de/en/industrial-computed-tomography/inspection-tasks/burr-core-residues-and-chips/,/en/industrial-computed-tomography/inspection-tasks/burr-core-residues-and-chips,pruefaufgabe,en,,,no_mapping,,no,,No redirect rule matched old path.,"Fast CT inspection for burrs, core residues & chips"
https://www.microvista.de/en/industrial-computed-tomography/inspection-tasks/initial-sample-inspection-report/,/en/industrial-computed-tomography/inspection-tasks/initial-sample-inspection-report,pruefaufgabe,en,,,no_mapping,,no,,No redirect rule matched old path.,Initial Sample Inspection Report
https://www.microvista.de/en/industrial-computed-tomography/inspection-tasks/porosity-analysis/,/en/industrial-computed-tomography/inspection-tasks/porosity-analysis,pruefaufgabe,en,,,no_mapping,,no,,No redirect rule matched old path.,Automatic porosity analysis with industrial CT
https://www.microvista.de/en/industrial-computed-tomography/inspection-tasks/quality-assurance-for-hairpin-stators/,/en/industrial-computed-tomography/inspection-tasks/quality-assurance-for-hairpin-stators,pruefaufgabe,en,,,no_mapping,,no,,No redirect rule matched old path.,Quality assurance for hairpin stators
https://www.microvista.de/en/industrial-computed-tomography/inspection-tasks/reverse-engineerin/,/en/industrial-computed-tomography/inspection-tasks/reverse-engineerin,pruefaufgabe,en,,,no_mapping,,no,,No redirect rule matched old path.,Reverse engineering of complex components with CT
https://www.microvista.de/en/industrial-computed-tomography/inspection-tasks/wall-thickness-measurement/,/en/industrial-computed-tomography/inspection-tasks/wall-thickness-measurement,pruefaufgabe,en,,,no_mapping,,no,,No redirect rule matched old path.,Measuring wall thicknesses with industrial CT
https://www.microvista.de/en/industrial-computed-tomography/services/,/en/industrial-computed-tomography/services,dienstleistung,en,,,no_mapping,,no,,No redirect rule matched old path.,Industrial computed tomography services
https://www.microvista.de/en/industrial-computed-tomography/services/ct-data-analysis/,/en/industrial-computed-tomography/services/ct-data-analysis,dienstleistung,en,,,no_mapping,,no,,No redirect rule matched old path.,CT data evaluation
https://www.microvista.de/en/industrial-computed-tomography/services/ct-laboratory/,/en/industrial-computed-tomography/services/ct-laboratory,dienstleistung,en,,,no_mapping,,no,,No redirect rule matched old path.,CT laboratory for external quality control
https://www.microvista.de/en/measuring-geometric-tolerances-gdt-methods-and-procedures/,/en/measuring-geometric-tolerances-gdt-methods-and-procedures,page,en,,,no_mapping,,no,,No redirect rule matched old path.,Measuring Geometric Tolerances | GD&T Methods & ISO 1101
https://www.microvista.de/en/media-library/,/en/media-library,page,en,,,no_mapping,,no,,No redirect rule matched old path.,Media library Microvista GmbH – industrial CT
https://www.microvista.de/en/news-center/,/en/news-center,page,en,,,no_mapping,,no,,No redirect rule matched old path.,News Center Microvista GmbH - industrial CT
https://www.microvista.de/en/non-destructive-weld-testing-methods-procedures-and-techniques/,/en/non-destructive-weld-testing-methods-procedures-and-techniques,page,en,,,no_mapping,,no,,No redirect rule matched old path.,Weld Testing Methods: A Complete Overview
https://www.microvista.de/en/posts/,/en/posts,post,en,,,no_mapping,,no,,No redirect rule matched old path.,News blog | Non-destructive testing with industrial CT
https://www.microvista.de/en/posts/3d-ct-analysis-with-ai/,/en/posts/3d-ct-analysis-with-ai,post,en,,,no_mapping,,no,,No redirect rule matched old path.,3D CT analysis with AI: revolution in the quality control of high-performance engines
https://www.microvista.de/en/posts/3d-ct-metal-testing-components/,/en/posts/3d-ct-metal-testing-components,post,en,,,no_mapping,,no,,No redirect rule matched old path.,High-performance engines: 3D CT metal testing for components
https://www.microvista.de/en/posts/5-popular-methods-for-non-destructive-testing/,/en/posts/5-popular-methods-for-non-destructive-testing,post,en,,,no_mapping,,no,,No redirect rule matched old path.,5 Popular NDT Methods in the Automotive Industry
https://www.microvista.de/en/posts/7-steps-of-industrial-ct-testing/,/en/posts/7-steps-of-industrial-ct-testing,post,en,,,no_mapping,,no,,No redirect rule matched old path.,7 Steps of Industrial CT-Testing
https://www.microvista.de/en/posts/arrival-of-the-mobile-ct/,/en/posts/arrival-of-the-mobile-ct,post,en,,,no_mapping,,no,,No redirect rule matched old path.,Arrival of the mobile CT
https://www.microvista.de/en/posts/ct-container-long-vs-compact-2/,/en/posts/ct-container-long-vs-compact-2,post,en,,,no_mapping,,no,,No redirect rule matched old path.,Worldwide Unique Industrial CT Containers: A Comparison of the Different ScanExpress Versions
https://www.microvista.de/en/posts/ct-for-pharma/,/en/posts/ct-for-pharma,post,en,,,no_mapping,,no,,No redirect rule matched old path.,Non-destructive quality assurance in the pharmaceutical industry
https://www.microvista.de/en/posts/efficient-failure-analysis-for-blocked-batches-fast-decisions-with-our-express-service/,/en/posts/efficient-failure-analysis-for-blocked-batches-fast-decisions-with-our-express-service,post,en,,,no_mapping,,no,,No redirect rule matched old path.,Express Failure Analysis for Blocked Batches | Fast Industrial Inspection
https://www.microvista.de/en/posts/final-spurt-now-also-for-the-mobile-ct-container/,/en/posts/final-spurt-now-also-for-the-mobile-ct-container,post,en,,,no_mapping,,no,,No redirect rule matched old path.,Final spurt now also for the mobile CT Container
https://www.microvista.de/en/posts/first-customer-use-of-the-scanexpress/,/en/posts/first-customer-use-of-the-scanexpress,post,en,,,no_mapping,,no,,No redirect rule matched old path.,First customer use of the ScanExpress - the mobile industrial CT
https://www.microvista.de/en/posts/first-test-scans-with-the-mobile-ct/,/en/posts/first-test-scans-with-the-mobile-ct,post,en,,,no_mapping,,no,,No redirect rule matched old path.,First test scans with the mobile CT
https://www.microvista.de/en/posts/hairpin-stator-crown/,/en/posts/hairpin-stator-crown,post,en,,,no_mapping,,no,,No redirect rule matched old path.,Innovative Method for evaluating Hairpin Stators
https://www.microvista.de/en/posts/industrial-ct-cylinder-head-inspection/,/en/posts/industrial-ct-cylinder-head-inspection,post,en,,,no_mapping,,no,,No redirect rule matched old path.,CT cylinder head inspection: A method for identifying issues and ensuring product quality
https://www.microvista.de/en/posts/industrial-ct-for-testing-additively-manufactured-components/,/en/posts/industrial-ct-for-testing-additively-manufactured-components,post,en,,,no_mapping,,no,,No redirect rule matched old path.,Non Destructive Testing Of Additively Manufactured Components
https://www.microvista.de/en/posts/industrial-ct-the-best-method-for-non-destructive-testing-of-casting-parts/,/en/posts/industrial-ct-the-best-method-for-non-destructive-testing-of-casting-parts,post,en,,,no_mapping,,no,,No redirect rule matched old path.,The best method for non-destructive testing of casting parts
https://www.microvista.de/en/posts/industrial-x-ray-inspection-vs-industrial-computed-tomography/,/en/posts/industrial-x-ray-inspection-vs-industrial-computed-tomography,post,en,,,no_mapping,,no,,No redirect rule matched old path.,Industrial X-ray inspection vs. industrial computed tomography
https://www.microvista.de/en/posts/insights-into-trends-market-development-and-technological-innovations/,/en/posts/insights-into-trends-market-development-and-technological-innovations,post,en,,,no_mapping,,no,,No redirect rule matched old path.,"Insights into trends, market development and technological innovations"
https://www.microvista.de/en/posts/inspecthub-cloudsolution/,/en/posts/inspecthub-cloudsolution,post,en,,,no_mapping,,no,,No redirect rule matched old path.,"Efficient, transparent, secure: Cloud solution for your serial testing"
https://www.microvista.de/en/posts/microvista-certified-once-again/,/en/posts/microvista-certified-once-again,post,en,,,no_mapping,,no,,No redirect rule matched old path.,Microvista certified once again
https://www.microvista.de/en/posts/minimise-rejects-in-the-automotive-industry-with-non-destructive-testing/,/en/posts/minimise-rejects-in-the-automotive-industry-with-non-destructive-testing,post,en,,,no_mapping,,no,,No redirect rule matched old path.,Minimise rejects in the automotive industry with NDT
https://www.microvista.de/en/posts/mobile-ct-at-the-vdi-conference-on-casting-technology-in-engine-construction/,/en/posts/mobile-ct-at-the-vdi-conference-on-casting-technology-in-engine-construction,post,en,,,no_mapping,,no,,No redirect rule matched old path.,Mobile CT at the VDI conference on casting technology in engine construction
https://www.microvista.de/en/posts/mobile-ct-container-united-the-scanexpress-almost-ready/,/en/posts/mobile-ct-container-united-the-scanexpress-almost-ready,post,en,,,no_mapping,,no,,No redirect rule matched old path.,CT & container united - the SCANEXPRESS (almost) finished
https://www.microvista.de/en/posts/mobile-industrial-ct-compact/,/en/posts/mobile-industrial-ct-compact,post,en,,,no_mapping,,no,,No redirect rule matched old path.,ScanExpress 2.0: mobile industrial CT scanner
https://www.microvista.de/en/posts/mobile-industrial-ct-on-the-home-straight/,/en/posts/mobile-industrial-ct-on-the-home-straight,post,en,,,no_mapping,,no,,No redirect rule matched old path.,Mobile industrial CT on the home straight
https://www.microvista.de/en/posts/ndt-for-the-automotive-industry/,/en/posts/ndt-for-the-automotive-industry,post,en,,,no_mapping,,no,,No redirect rule matched old path.,Non-destructive testing for the automotive industry
https://www.microvista.de/en/posts/ndt-of-light-metal-castings/,/en/posts/ndt-of-light-metal-castings,post,en,,,no_mapping,,no,,No redirect rule matched old path.,Non Destructive Testing Of Light Metal Castings
https://www.microvista.de/en/posts/new-website-with-blog-newsletter-etc/,/en/posts/new-website-with-blog-newsletter-etc,post,en,,,no_mapping,,no,,No redirect rule matched old path.,"New website with blog, newsletter, etc."
https://www.microvista.de/en/posts/non-destructive-testing-of-battery-systems/,/en/posts/non-destructive-testing-of-battery-systems,post,en,,,no_mapping,,no,,No redirect rule matched old path.,Non Destructive Testing of Battery Systems
https://www.microvista.de/en/posts/non-destructive-testing-of-cast-iron/,/en/posts/non-destructive-testing-of-cast-iron,post,en,,,no_mapping,,no,,No redirect rule matched old path.,Non Destructive Testing Of Iron Castings
https://www.microvista.de/en/posts/palaeontology-meets-industrial-ct/,/en/posts/palaeontology-meets-industrial-ct,post,en,,,no_mapping,,no,,No redirect rule matched old path.,Palaeontology meets industrial CT: a 3D view of fossils
https://www.microvista.de/en/posts/ppf-process-optimisation-industrial-ct-testing/,/en/posts/ppf-process-optimisation-industrial-ct-testing,post,en,,,no_mapping,,no,,No redirect rule matched old path.,PPF process optimisation through industrial CT testing
https://www.microvista.de/en/posts/scanexpress-how-does-the-mobile-ct-work/,/en/posts/scanexpress-how-does-the-mobile-ct-work,post,en,,,no_mapping,,no,,No redirect rule matched old path.,SCANEXPRESS - How does the mobile CT work?
https://www.microvista.de/en/posts/scanning-artifacts-with-low-risk-using-mobile-industrial-ct/,/en/posts/scanning-artifacts-with-low-risk-using-mobile-industrial-ct,post,en,,,no_mapping,,no,,No redirect rule matched old path.,Scanning artifacts with low risk using mobile industrial CT
https://www.microvista.de/en/posts/temporary-ct-inspection-series-start-ups/,/en/posts/temporary-ct-inspection-series-start-ups,post,en,,,no_mapping,,no,,No redirect rule matched old path.,Temporary CT inspection for series start-ups
https://www.microvista.de/en/posts/update-faster-ct-scans-higher-resolution-laminography/,/en/posts/update-faster-ct-scans-higher-resolution-laminography,post,en,,,no_mapping,,no,,No redirect rule matched old path.,"Update: Faster CT scans, higher resolution & laminography"
https://www.microvista.de/en/posts/wall-thickness-measurement-your-options-at-a-glance/,/en/posts/wall-thickness-measurement-your-options-at-a-glance,post,en,,,no_mapping,,no,,No redirect rule matched old path.,Wall thickness measurement: Your options at a glance
https://www.microvista.de/en/press-releases/,/en/press-releases,page,en,,,no_mapping,,no,,No redirect rule matched old path.,Press releases
https://www.microvista.de/en/presse-en/microvista-gmbh-strengthens-management-team-dr-robin-hohne-and-prof-dr-lutz-hagner-form-dual-leadership/,/en/presse-en/microvista-gmbh-strengthens-management-team-dr-robin-hohne-and-prof-dr-lutz-hagner-form-dual-leadership,press,en,,,no_mapping,,no,,No redirect rule matched old path.,Microvista GmbH stärkt Führungsteam: Dr. Robin Höhne und Prof. Dr. Lutz Hagner bilden Doppelspitze
https://www.microvista.de/en/questionnaire/,/en/questionnaire,page,en,,,no_mapping,,no,,No redirect rule matched old path.,Improve quality control? This questionnaire gives the answer
https://www.microvista.de/en/registration-live-demo-scanexpress/,/en/registration-live-demo-scanexpress,page,en,,,no_mapping,,no,,No redirect rule matched old path.,Registration for live showcase: Mobile CT container
https://www.microvista.de/en/research-development/,/en/research-development,page,en,,,no_mapping,,no,,No redirect rule matched old path.,Promotion of research & development
https://www.microvista.de/en/reward-program/,/en/reward-program,page,en,,,no_mapping,,no,,No redirect rule matched old path.,Reward program for non-destructive testing services
https://www.microvista.de/en/serial-testing/,/en/serial-testing,page,en,,,no_mapping,,no,,No redirect rule matched old path.,Non-destructive serial testing fast & automated
https://www.microvista.de/end-of-line-test/,/end-of-line-test,page,de,https://microvista.de/end-of-line-test,/end-of-line-test,direct_200,200,yes,,Path exists directly in new sitemap.,End of Line Test mit CT-Prüftechnik | Qualitätssicherung
https://www.microvista.de/forschung-entwicklung/,/forschung-entwicklung,page,de,https://microvista.de/forschung-entwicklung,/forschung-entwicklung,direct_200,200,yes,,Path exists directly in new sitemap.,Förderung von Forschung & Entwicklung
https://www.microvista.de/fr/clause-de-non-responsabilite/,/fr/clause-de-non-responsabilite,page,fr,,,no_mapping,,no,,No redirect rule matched old path.,Clause de non-responsabilité
https://www.microvista.de/fr/declaration-de-confidentialite-ue/,/fr/declaration-de-confidentialite-ue,page,fr,,,no_mapping,,no,,No redirect rule matched old path.,Déclaration de confidentialité (UE)
https://www.microvista.de/fr/impression/,/fr/impression,page,fr,,,no_mapping,,no,,No redirect rule matched old path.,Impression
https://www.microvista.de/fr/politique-en-matiere-de-cookies/,/fr/politique-en-matiere-de-cookies,page,fr,,,no_mapping,,no,,No redirect rule matched old path.,Politique en matière de cookies
https://www.microvista.de/fragebogen/,/fragebogen,page,de,https://microvista.de/fragebogen,/fragebogen,direct_200,200,yes,,Path exists directly in new sitemap.,Qualitätskontrolle verbessern? Dieser Fragebogen gibt die Antwort
https://www.microvista.de/impressum/,/impressum,page,de,https://microvista.de/impressum,/impressum,direct_200,200,yes,,Path exists directly in new sitemap.,Impressum
https://www.microvista.de/industrielle-computertomographie/dienstleistungen/,/industrielle-computertomographie/dienstleistungen,dienstleistung,de,https://microvista.de/industrielle-computertomographie/dienstleistungen,/industrielle-computertomographie/dienstleistungen,direct_200,200,yes,,Path exists directly in new sitemap.,Dienstleister mit moderner industrieller CT Messtechnik
https://www.microvista.de/industrielle-computertomographie/dienstleistungen/ct-datenauswertung/,/industrielle-computertomographie/dienstleistungen/ct-datenauswertung,dienstleistung,de,https://microvista.de/industrielle-computertomographie/dienstleistungen/ct-datenauswertung,/industrielle-computertomographie/dienstleistungen/ct-datenauswertung,direct_200,200,yes,,Path exists directly in new sitemap.,CT-Datenauswertung
https://www.microvista.de/industrielle-computertomographie/dienstleistungen/ct-labor/,/industrielle-computertomographie/dienstleistungen/ct-labor,dienstleistung,de,https://microvista.de/industrielle-computertomographie/dienstleistungen/ct-labor,/industrielle-computertomographie/dienstleistungen/ct-labor,direct_200,200,yes,,Path exists directly in new sitemap.,CT Labor für externe Qualitätskontrolle
https://www.microvista.de/industrielle-computertomographie/dienstleistungen/scanexpress-mobiles-industrielles-ct/,/industrielle-computertomographie/dienstleistungen/scanexpress-mobiles-industrielles-ct,dienstleistung,de,https://microvista.de/industrielle-computertomographie/dienstleistungen/scanexpress-mobiles-industrielles-ct,/industrielle-computertomographie/dienstleistungen/scanexpress-mobiles-industrielles-ct,direct_200,200,yes,,Path exists directly in new sitemap.,Mobile industrielle CT-Lösung zum Mieten SCANEXPRESS
https://www.microvista.de/industrielle-computertomographie/faq/,/industrielle-computertomographie/faq,page,de,https://microvista.de/industrielle-computertomographie/faq,/industrielle-computertomographie/faq,direct_200,200,yes,,Path exists directly in new sitemap.,FAQ| Industrielle Computertomographie
https://www.microvista.de/industrielle-computertomographie/prufaufgaben/,/industrielle-computertomographie/prufaufgaben,pruefaufgabe,de,https://microvista.de/industrielle-computertomographie/prufaufgaben,/industrielle-computertomographie/prufaufgaben,direct_200,200,yes,,Path exists directly in new sitemap.,Prüfaufgaben für industrielle Computertomographie
https://www.microvista.de/industrielle-computertomographie/prufaufgaben/3d-vermessung/,/industrielle-computertomographie/prufaufgaben/3d-vermessung,pruefaufgabe,de,https://microvista.de/industrielle-computertomographie/prufaufgaben/3d-vermessung,/industrielle-computertomographie/prufaufgaben/3d-vermessung,direct_200,200,yes,,Path exists directly in new sitemap.,"Moderne 3D Vermessung von Bauteilen | Optisch, taktil & CT"
https://www.microvista.de/industrielle-computertomographie/prufaufgaben/cad-soll-ist-vergleich/,/industrielle-computertomographie/prufaufgaben/cad-soll-ist-vergleich,pruefaufgabe,de,https://microvista.de/industrielle-computertomographie/prufaufgaben/cad-soll-ist-vergleich,/industrielle-computertomographie/prufaufgaben/cad-soll-ist-vergleich,direct_200,200,yes,,Path exists directly in new sitemap.,Highspeed CAD Soll-Ist-Vergleich mit industrieller CT
https://www.microvista.de/industrielle-computertomographie/prufaufgaben/erstmusterpruefbericht/,/industrielle-computertomographie/prufaufgaben/erstmusterpruefbericht,pruefaufgabe,de,https://microvista.de/industrielle-computertomographie/prufaufgaben/erstmusterpruefbericht,/industrielle-computertomographie/prufaufgaben/erstmusterpruefbericht,direct_200,200,yes,,Path exists directly in new sitemap.,Erstmusterprüfbericht (EMPB) nach VDA | Erstbemusterung Microvista
https://www.microvista.de/industrielle-computertomographie/prufaufgaben/form-und-lagetoleranzen/,/industrielle-computertomographie/prufaufgaben/form-und-lagetoleranzen,pruefaufgabe,de,https://microvista.de/industrielle-computertomographie/prufaufgaben/form-und-lagetoleranzen,/industrielle-computertomographie/prufaufgaben/form-und-lagetoleranzen,direct_200,200,yes,,Path exists directly in new sitemap.,Form- und Lagetoleranzen messen | Methoden & ISO 1101
https://www.microvista.de/industrielle-computertomographie/prufaufgaben/grat-kernreste-spaene/,/industrielle-computertomographie/prufaufgaben/grat-kernreste-spaene,pruefaufgabe,de,https://microvista.de/industrielle-computertomographie/prufaufgaben/grat-kernreste-spaene,/industrielle-computertomographie/prufaufgaben/grat-kernreste-spaene,direct_200,200,yes,,Path exists directly in new sitemap.,"Schnelle CT-Prüfung auf Grat, Kernreste & Späne"
https://www.microvista.de/industrielle-computertomographie/prufaufgaben/laminographie/,/industrielle-computertomographie/prufaufgaben/laminographie,pruefaufgabe,de,https://microvista.de/industrielle-computertomographie/prufaufgaben/laminographie,/industrielle-computertomographie/prufaufgaben/laminographie,direct_200,200,yes,,Path exists directly in new sitemap.,Laminographie: Zerstörungsfrei flache Bauteile prüfen
https://www.microvista.de/industrielle-computertomographie/prufaufgaben/messung-wandstaerken/,/industrielle-computertomographie/prufaufgaben/messung-wandstaerken,pruefaufgabe,de,https://microvista.de/industrielle-computertomographie/prufaufgaben/messung-wandstaerken,/industrielle-computertomographie/prufaufgaben/messung-wandstaerken,direct_200,200,yes,,Path exists directly in new sitemap.,Messung von Wandstärken mit industrieller CT
https://www.microvista.de/industrielle-computertomographie/prufaufgaben/montage-fugekontrolle/,/industrielle-computertomographie/prufaufgaben/montage-fugekontrolle,pruefaufgabe,de,https://microvista.de/industrielle-computertomographie/prufaufgaben/montage-fugekontrolle,/industrielle-computertomographie/prufaufgaben/montage-fugekontrolle,direct_200,200,yes,,Path exists directly in new sitemap.,Schnelle Montage- & Fügekontrolle mit industrieller CT
https://www.microvista.de/industrielle-computertomographie/prufaufgaben/porositatsanalyse/,/industrielle-computertomographie/prufaufgaben/porositatsanalyse,pruefaufgabe,de,https://microvista.de/industrielle-computertomographie/prufaufgaben/porositatsanalyse,/industrielle-computertomographie/prufaufgaben/porositatsanalyse,direct_200,200,yes,,Path exists directly in new sitemap.,Automatische Porositätsanalyse mit industrieller CT
https://www.microvista.de/industrielle-computertomographie/prufaufgaben/qualitatssicherung-bei-hairpin-statoren/,/industrielle-computertomographie/prufaufgaben/qualitatssicherung-bei-hairpin-statoren,pruefaufgabe,de,https://microvista.de/pruefaufgaben/hairpin-stator-pruefung,/pruefaufgaben/hairpin-stator-pruefung,redirect_301_in_sitemap,301,yes,L20: /industrielle-computertomographie/prufaufgaben/qualitatssicherung-bei-hairpin-statoren/ -> /pruefaufgaben/hairpin-stator-pruefung,Redirect target exists in new sitemap.,Qualitätssicherung bei Hairpin Statoren
https://www.microvista.de/industrielle-computertomographie/prufaufgaben/reverse-engineering/,/industrielle-computertomographie/prufaufgaben/reverse-engineering,pruefaufgabe,de,https://microvista.de/industrielle-computertomographie/prufaufgaben/reverse-engineering,/industrielle-computertomographie/prufaufgaben/reverse-engineering,direct_200,200,yes,,Path exists directly in new sitemap.,Reverse Engineering von komplexen Bauteilen mit CT
https://www.microvista.de/industrielle-computertomographie/prufaufgaben/schweissnahtpruefung/,/industrielle-computertomographie/prufaufgaben/schweissnahtpruefung,pruefaufgabe,de,https://microvista.de/industrielle-computertomographie/prufaufgaben/schweissnahtpruefung,/industrielle-computertomographie/prufaufgaben/schweissnahtpruefung,direct_200,200,yes,,Path exists directly in new sitemap.,Zerstörungsfreie Schweißnahtprüfung Überblick über Verfahren
https://www.microvista.de/kontakt/,/kontakt,page,de,https://microvista.de/kontakt,/kontakt,direct_200,200,yes,,Path exists directly in new sitemap.,Kontakt aufnehmen für ZfP mit industrieller CT
https://www.microvista.de/live-demo-scanexpress/,/live-demo-scanexpress,page,de,https://microvista.de/live-demo-scanexpress,/live-demo-scanexpress,direct_200,200,yes,,Path exists directly in new sitemap.,Anmeldung Live-Showcase: Mobiler industrieller CT-Container
https://www.microvista.de/mediathek/,/mediathek,page,de,https://microvista.de/mediathek,/mediathek,direct_200,200,yes,,Path exists directly in new sitemap.,Mediathek Microvista GmbH - industrielle CT
https://www.microvista.de/newsletter/,/newsletter,page,de,https://microvista.de/newsletter,/newsletter,direct_200,200,yes,,Path exists directly in new sitemap.,Newsletter
https://www.microvista.de/newsroom/,/newsroom,page,de,https://microvista.de/newsroom,/newsroom,direct_200,200,yes,,Path exists directly in new sitemap.,Newsroom Microvista GmbH - industrielle CT
https://www.microvista.de/presse/mobiles-ct-system-direkt-vor-ort/,/presse/mobiles-ct-system-direkt-vor-ort,press,de,https://microvista.de/newsroom,/newsroom,redirect_301_in_sitemap,301,yes,L11: /presse/* -> /newsroom,Redirect target exists in new sitemap.,Microvista erweitert internationale Präsenz mit mobilem CT-System ScanExpress
https://www.microvista.de/presse/promovierter-ingenieur-ergaenzt-unternehmensgruender-in-gemeinsamer-geschaeftsfuehrung-fuehrungsteam-legt-fokus-auf-mobile-ct-technologie-und-ki-gestuetzte-loesungen/,/presse/promovierter-ingenieur-ergaenzt-unternehmensgruender-in-gemeinsamer-geschaeftsfuehrung-fuehrungsteam-legt-fokus-auf-mobile-ct-technologie-und-ki-gestuetzte-loesungen,press,de,https://microvista.de/newsroom,/newsroom,redirect_301_in_sitemap,301,yes,L11: /presse/* -> /newsroom,Redirect target exists in new sitemap.,Microvista GmbH stärkt Führungsteam: Dr. Robin Höhne und Prof. Dr. Lutz Hagner bilden Doppelspitze
https://www.microvista.de/presse/qualitaetskontrolle-die-zur-produktion-rollt-flexibel-mietbares-ct-system/,/presse/qualitaetskontrolle-die-zur-produktion-rollt-flexibel-mietbares-ct-system,press,de,https://microvista.de/newsroom,/newsroom,redirect_301_in_sitemap,301,yes,L11: /presse/* -> /newsroom,Redirect target exists in new sitemap.,Der ScanExpress 2.0: Die neue Version des ersten mobilen industriellen CT
https://www.microvista.de/presse/zerstoerungsfreie-bauteilpruefung-mit-mobilem-industriellem-ct-direkt-vor-ort/,/presse/zerstoerungsfreie-bauteilpruefung-mit-mobilem-industriellem-ct-direkt-vor-ort,press,de,https://microvista.de/newsroom,/newsroom,redirect_301_in_sitemap,301,yes,L11: /presse/* -> /newsroom,Redirect target exists in new sitemap.,Weltweit erstes mobiles industrielles CT: Deutsches Tech-Unternehmen zeigt KI-gestütztes Prüfsystem live
https://www.microvista.de/pressemitteilungen/,/pressemitteilungen,page,de,https://microvista.de/pressemitteilungen,/pressemitteilungen,direct_200,200,yes,,Path exists directly in new sitemap.,Pressemitteilungen Microvista GmbH - industrielle CT
https://www.microvista.de/pruefung-additiv-gefertigter-bauteile/,/pruefung-additiv-gefertigter-bauteile,page,de,https://microvista.de/branchen/additive-fertigung,/branchen/additive-fertigung,redirect_301_in_sitemap,301,yes,L42: /pruefung-additiv-gefertigter-bauteile/ -> /branchen/additive-fertigung,Redirect target exists in new sitemap.,Prüfung additiv gefertigter Bauteile mit industrieller CT
https://www.microvista.de/team/,/team,page,de,https://microvista.de/team,/team,direct_200,200,yes,,Path exists directly in new sitemap.,Lerne das Microvista Team kennen!
https://www.microvista.de/test/,/test,page,de,https://microvista.de,/,redirect_301_in_sitemap,301,yes,L58: /test/ -> /,Redirect target exists in new sitemap.,Industrielle Computertomographie Dienstleister für Exzellenz
https://www.microvista.de/umweltallianz-sachen-anhalt/,/umweltallianz-sachen-anhalt,page,de,https://microvista.de/zertifizierungen,/zertifizierungen,redirect_301_in_sitemap,301,yes,L56: /umweltallianz-sachen-anhalt/ -> /zertifizierungen,Redirect target exists in new sitemap.,Umweltallianz Sachsen-Anhalt
https://www.microvista.de/zerstoerungsfreie-pruefung-automobilindustrie/,/zerstoerungsfreie-pruefung-automobilindustrie,page,de,https://microvista.de/branchen/automotive,/branchen/automotive,redirect_301_in_sitemap,301,yes,L38: /zerstoerungsfreie-pruefung-automobilindustrie/ -> /branchen/automotive,Redirect target exists in new sitemap.,Zerstörungsfreie Prüfung für die Automobilindustrie
https://www.microvista.de/zerstoerungsfreie-pruefung-batteriesystemen/,/zerstoerungsfreie-pruefung-batteriesystemen,page,de,https://microvista.de/branchen/e-mobilitaet,/branchen/e-mobilitaet,redirect_301_in_sitemap,301,yes,L41: /zerstoerungsfreie-pruefung-batteriesystemen/ -> /branchen/e-mobilitaet,Redirect target exists in new sitemap.,Zerstörungsfreie Prüfung von Batteriesystemen
https://www.microvista.de/zerstoerungsfreie-pruefung-leichtmetallguss/,/zerstoerungsfreie-pruefung-leichtmetallguss,page,de,https://microvista.de/branchen/leichtmetallguss,/branchen/leichtmetallguss,redirect_301_in_sitemap,301,yes,L39: /zerstoerungsfreie-pruefung-leichtmetallguss/ -> /branchen/leichtmetallguss,Redirect target exists in new sitemap.,Zerstörungsfreie Prüfung von Leichtmetallguss mit CT| Microvista
https://www.microvista.de/zerstoerungsfreie-serienpruefung/,/zerstoerungsfreie-serienpruefung,page,de,https://microvista.de/zerstoerungsfreie-serienpruefung,/zerstoerungsfreie-serienpruefung,direct_200,200,yes,,Path exists directly in new sitemap.,Zerstörungsfreie Serienprüfung schnell & automatisiert
https://www.microvista.de/zerstoerungsfreie-werkstoffpruefung/,/zerstoerungsfreie-werkstoffpruefung,page,de,https://microvista.de/branchen/werkstoffpruefung,/branchen/werkstoffpruefung,redirect_301_in_sitemap,301,yes,L44: /zerstoerungsfreie-werkstoffpruefung/ -> /branchen/werkstoffpruefung,Redirect target exists in new sitemap.,"Zerstörungsfreie Werkstoffprüfung: Verfahren, Normen & CT"
https://www.microvista.de/zerstorungsfreie-prufung-von-eisenguss/,/zerstorungsfreie-prufung-von-eisenguss,page,de,https://microvista.de/branchen/eisenguss,/branchen/eisenguss,redirect_301_in_sitemap,301,yes,L40: /zerstorungsfreie-prufung-von-eisenguss/ -> /branchen/eisenguss,Redirect target exists in new sitemap.,Zerstörungsfreie Prüfung von Eisenguss
https://www.microvista.de/zertifizierungen/,/zertifizierungen,page,de,https://microvista.de/zertifizierungen,/zertifizierungen,direct_200,200,yes,,Path exists directly in new sitemap.,Zertifizierungen
https://www.microvista.de/zfp-archaeologie/,/zfp-archaeologie,page,de,https://microvista.de/branchen/archaeologie,/branchen/archaeologie,redirect_301_in_sitemap,301,yes,L43: /zfp-archaeologie/ -> /branchen/archaeologie,Redirect target exists in new sitemap.,Zerstörungsfreie Prüfung in der Archäologie
